Title,Price,Category,Rating,Number of Reviews
Unknown,0,mobiles 5g,Unknown,0
Unknown,0,mobiles 5g,Unknown,0
"OPPO K13x 5G 6000mAh and 45W SUPERVOOC Charger & AI (Midnight Violet, 128 GB)","₹11,999",mobiles 5g,4.5,"13,953 Ratings & 1,243 Reviews"
"Nothing Phone (3) (Black, 256 GB)","₹79,999",mobiles 5g,4.4,"1,735 Ratings & 158 Reviews"
"vivo T4x 5G (Pronto Purple, 128 GB)","₹14,499",mobiles 5g,4.4,"1,18,524 Ratings & 5,772 Reviews"
"vivo T4x 5G (Glacial Teal, 128 GB)","₹13,499",mobiles 5g,4.4,"1,57,603 Ratings & 7,149 Reviews"
"vivo T4 5G (Phantom Grey, 128 GB)","₹20,999",mobiles 5g,4.5,"70,882 Ratings & 3,232 Reviews"
"Samsung Galaxy A35 5G (Awesome Lilac, 128 GB)","₹17,999",mobiles 5g,4.4,"46,492 Ratings & 2,729 Reviews"
"MOTOROLA Edge 60 Fusion 5G (PANTONE Slipstream, 256 GB)","₹19,999",mobiles 5g,4.5,"86,762 Ratings & 4,464 Reviews"
"Motorola g45 5G (Brilliant Blue, 128 GB)","₹11,999",mobiles 5g,4.3,"2,33,615 Ratings & 11,670 Reviews"
"vivo T4x 5G (Marine Blue, 128 GB)","₹13,499",mobiles 5g,4.4,"1,57,603 Ratings & 7,149 Reviews"
"POCO M7 5G (Mint Green, 128 GB)","₹8,499",mobiles 5g,4.1,"44,433 Ratings & 2,094 Reviews"
"Samsung Galaxy A35 5G (Awesome Iceblue, 256 GB)","₹19,999",mobiles 5g,4.4,"46,492 Ratings & 2,729 Reviews"
"realme P4 Pro 5G (Birch Wood, 128 GB)","₹22,999",mobiles 5g,4.4,"9,401 Ratings & 798 Reviews"
"POCO M7 5G  - Locked with Airtel Prepaid (Satin Black, 128 GB)","₹7,849",mobiles 5g,4.1,"44,433 Ratings & 2,094 Reviews"
"MOTOROLA g35 5G (Leaf Green, 128 GB)","₹8,999",mobiles 5g,4.2,"93,278 Ratings & 6,141 Reviews"
"OPPO K13 5G with 7000mAh and 80W SUPERVOOC Charger In-The-Box (Icy Purple, 128 GB)","₹17,999",mobiles 5g,4.5,"53,001 Ratings & 3,274 Reviews"
"realme P3x 5G (Midnight Blue, 128 GB)","₹11,249",mobiles 5g,4.4,"14,681 Ratings & 588 Reviews"
"Google Pixel 9A (Porcelain, 256 GB)","₹44,999",mobiles 5g,4.4,"3,009 Ratings & 234 Reviews"
"Google Pixel 9A (Obsidian, 256 GB)","₹44,999",mobiles 5g,4.4,"3,009 Ratings & 234 Reviews"
"POCO C75 5G (Enchanted Green, 64 GB)","₹7,299",mobiles 5g,4.2,"1,18,366 Ratings & 5,394 Reviews"
"vivo T4x 5G (Marine Blue, 128 GB)","₹14,499",mobiles 5g,4.4,"1,18,524 Ratings & 5,772 Reviews"
"Samsung Galaxy A35 5G (Awesome Navy, 256 GB)","₹19,999",mobiles 5g,4.4,"46,492 Ratings & 2,729 Reviews"
"Samsung Galaxy A35 5G (Awesome Iceblue, 128 GB)","₹17,999",mobiles 5g,4.4,"46,492 Ratings & 2,729 Reviews"
"vivo T4x 5G (Glacial Teal, 128 GB)","₹14,499",mobiles 5g,4.4,"1,18,524 Ratings & 5,772 Reviews"
"POCO C75 5G (Silver Stardust, 64 GB)","₹7,299",mobiles 5g,4.2,"1,18,366 Ratings & 5,394 Reviews"
Unknown,0,mobiles 5g,Unknown,0
Unknown,0,mobiles 5g,Unknown,0
Unknown,0,mobiles 5g,4.4,0
Unknown,0,mobiles 5g,Unknown,0
Unknown,0,mobiles 5g,Unknown,0
Unknown,0,mobiles 5g,Unknown,0
"vivo T4x 5G (Glacial Teal, 128 GB)","₹14,499",mobiles 5g,4.4,"1,18,524 Ratings & 5,772 Reviews"
"vivo T4x 5G (Pronto Purple, 256 GB)","₹16,499",mobiles 5g,4.4,"1,18,524 Ratings & 5,772 Reviews"
"Samsung Galaxy A35 5G (Awesome Navy, 128 GB)","₹17,999",mobiles 5g,4.4,"46,492 Ratings & 2,729 Reviews"
"Google Pixel 9A (Iris, 256 GB)","₹44,999",mobiles 5g,4.4,"3,009 Ratings & 234 Reviews"
"vivo T4x 5G (Pronto Purple, 128 GB)","₹13,499",mobiles 5g,4.4,"1,57,603 Ratings & 7,149 Reviews"
"POCO C75 5G (Aqua Bliss, 64 GB)","₹7,299",mobiles 5g,4.2,"1,18,366 Ratings & 5,394 Reviews"
"Samsung Galaxy A35 5G (Awesome Lilac, 256 GB)","₹19,999",mobiles 5g,4.4,"46,492 Ratings & 2,729 Reviews"
"Google Pixel 10 (Frost, 256 GB)","₹79,999",mobiles 5g,4.4,549 Ratings & 52 Reviews
"realme P3x 5G (Stellar Pink, 128 GB)","₹10,249",mobiles 5g,4.4,"47,245 Ratings & 1,691 Reviews"
"vivo T4 Lite 5G Charger in the Box (Prism Blue, 128 GB)","₹9,999",mobiles 5g,4.4,"29,275 Ratings & 872 Reviews"
"Samsung Galaxy F06 5G (Bahama Blue, 64 GB)","₹7,499",mobiles 5g,4.1,"29,113 Ratings & 1,758 Reviews"
"POCO M7 Pro 5G (Lunar Dust, 128 GB)","₹11,499",mobiles 5g,4.3,"25,224 Ratings & 1,936 Reviews"
"Google Pixel 10 (Obsidian, 256 GB)","₹79,999",mobiles 5g,4.4,549 Ratings & 52 Reviews
"Google Pixel 10 (Indigo, 256 GB)","₹79,999",mobiles 5g,4.4,549 Ratings & 52 Reviews
"vivo T4 Lite 5G Charger in the Box (Titanium Gold, 128 GB)","₹10,999",mobiles 5g,4.4,"35,470 Ratings & 1,069 Reviews"
"realme P3x 5G (Midnight Blue, 128 GB)","₹10,249",mobiles 5g,4.4,"47,245 Ratings & 1,691 Reviews"
"Google Pixel 10 (Lemongrass, 256 GB)","₹79,999",mobiles 5g,4.4,549 Ratings & 52 Reviews
"Samsung Galaxy F06 5G (Bahama Blue, 128 GB)","₹7,999",mobiles 5g,4.1,"29,113 Ratings & 1,758 Reviews"
"MOTOROLA G96 5G (Pantone Greener Pastures, 128 GB)","₹15,999",mobiles 5g,4.4,"44,240 Ratings & 2,193 Reviews"
"POCO M7 5G (Satin Black, 128 GB)","₹8,499",mobiles 5g,4.1,"44,433 Ratings & 2,094 Reviews"
"vivo T4 Lite 5G Charger in the Box (Titanium Gold, 128 GB)","₹9,999",mobiles 5g,4.4,"29,275 Ratings & 872 Reviews"
"OPPO K13 5G with 7000mAh and 80W SUPERVOOC Charger In-The-Box (Icy Purple, 256 GB)","₹19,999",mobiles 5g,4.5,"53,001 Ratings & 3,274 Reviews"
"MOTOROLA g35 5G (Midnight Black, 128 GB)","₹8,999",mobiles 5g,4.2,"93,278 Ratings & 6,141 Reviews"
"Samsung Galaxy F06 5G (Lit Violet, 64 GB)","₹7,499",mobiles 5g,4.1,"29,113 Ratings & 1,758 Reviews"
Unknown,0,mobiles 5g,Unknown,0
Unknown,0,mobiles 5g,4.4,0
Unknown,0,mobiles 5g,Unknown,0
Unknown,0,mobiles 5g,Unknown,0
Unknown,0,mobiles 5g,Unknown,0
"realme P3x 5G (Lunar Silver, 128 GB)","₹10,249",mobiles 5g,4.4,"47,245 Ratings & 1,691 Reviews"
"OPPO K13 5G with 7000mAh and 80W SUPERVOOC Charger In-The-Box (Prism Black, 128 GB)","₹17,999",mobiles 5g,4.5,"53,001 Ratings & 3,274 Reviews"
"realme P4 5G (Engine Blue, 128 GB)","₹15,999",mobiles 5g,4.4,"9,835 Ratings & 661 Reviews"
"vivo T4 Lite 5G Charger in the Box (Titanium Gold, 256 GB)","₹12,999",mobiles 5g,4.3,"13,305 Ratings & 555 Reviews"
"OPPO K13x 5G 6000mAh and 45W SUPERVOOC Charger & AI (Sunset Peach, 128 GB)","₹11,999",mobiles 5g,4.5,"13,953 Ratings & 1,243 Reviews"
"realme P3 Pro 5G (Nebula Glow, 128 GB)","₹15,999",mobiles 5g,4.4,"11,437 Ratings & 866 Reviews"
"realme 15x 5G (Aqua Blue, 128 GB)","₹16,999",mobiles 5g,4.3,476 Ratings & 33 Reviews
"MOTOROLA g35 5G (Midnight Black, 128 GB)","₹11,999",mobiles 5g,4.3,62 Ratings & 7 Reviews
"realme P3 Pro 5G (Galaxy Purple, 256 GB)","₹16,999",mobiles 5g,4.4,"11,437 Ratings & 866 Reviews"
"MOTOROLA Edge 60 Fusion 5G (PANTONE Mykonos Blue, 256 GB)","₹19,999",mobiles 5g,4.5,"86,762 Ratings & 4,464 Reviews"
"realme P4 Pro 5G (Midnight Ivy, 256 GB)","₹24,999",mobiles 5g,4.4,"9,401 Ratings & 798 Reviews"
"Samsung Galaxy F06 5G (Bahama Blue, 128 GB)","₹8,999",mobiles 5g,4.2,"13,714 Ratings & 862 Reviews"
"POCO M7 Plus 5G (Carbon Black, 128 GB)","₹11,999",mobiles 5g,4.3,"2,370 Ratings & 129 Reviews"
"vivo T4 Lite 5G Charger in the Box (Prism Blue, 128 GB)","₹10,999",mobiles 5g,4.4,"35,470 Ratings & 1,069 Reviews"
"Motorola g45 5G (Pantone Moss, 128 GB)","₹11,999",mobiles 5g,4.3,"2,33,615 Ratings & 11,670 Reviews"
"OPPO K13 5G with 7000mAh and 80W SUPERVOOC Charger In-The-Box (Prism Black, 256 GB)","₹19,999",mobiles 5g,4.5,"53,001 Ratings & 3,274 Reviews"
"vivo T4x 5G (Glacial Teal, 256 GB)","₹16,499",mobiles 5g,4.4,"1,18,524 Ratings & 5,772 Reviews"
"MOTOROLA g35 5G (Guava Red, 128 GB)","₹8,999",mobiles 5g,4.2,"93,278 Ratings & 6,141 Reviews"
"Ai+ Nova 5G (Green, 128 GB)","₹7,999",mobiles 5g,4.1,"10,794 Ratings & 782 Reviews"
"OPPO K13 Turbo 5G (White Knight, 256 GB)","₹24,999",mobiles 5g,4.5,"3,754 Ratings & 197 Reviews"
"POCO M7 Pro 5G (Lavender Frost, 256 GB)","₹13,499",mobiles 5g,4.2,"9,687 Ratings & 873 Reviews"
"REDMI Note 14 SE 5G (Crimson Art, 128 GB)","₹12,999",mobiles 5g,4.3,"9,173 Ratings & 375 Reviews"
"realme P3 Ultra 5G (Neptune Blue, 256 GB)","₹19,999",mobiles 5g,4.4,"11,251 Ratings & 1,158 Reviews"
"Samsung Galaxy S24 FE 5G (Graphite, 128 GB)","₹30,999",mobiles 5g,4.5,"52,334 Ratings & 3,312 Reviews"
Unknown,0,mobiles 5g,Unknown,0
Unknown,0,mobiles 5g,4.4,0
Unknown,0,mobiles 5g,Unknown,0
Unknown,0,mobiles 5g,Unknown,0
Unknown,0,mobiles 5g,Unknown,0
"MOTOROLA Edge 60 Fusion 5G (PANTONE Amazonite, 256 GB)","₹19,999",mobiles 5g,4.5,"86,762 Ratings & 4,464 Reviews"
"Motorola g45 5G (Brilliant Green, 128 GB)","₹11,999",mobiles 5g,4.3,"2,33,615 Ratings & 11,670 Reviews"
"realme 15x 5G (Marine Blue, 128 GB)","₹17,999",mobiles 5g,4.4,303 Ratings & 16 Reviews
"POCO C75 5G (Aqua Bliss, 128 GB)","₹8,099",mobiles 5g,4.2,"1,18,366 Ratings & 5,394 Reviews"
"OPPO K13x 5G 6000mAh and 45W SUPERVOOC Charger & AI (Sunset Peach, 128 GB)","₹12,999",mobiles 5g,4.5,"53,992 Ratings & 4,705 Reviews"
"Ai+ Nova 5G (Pink, 128 GB)","₹7,999",mobiles 5g,4.1,"10,794 Ratings & 782 Reviews"
"POCO M7 5G (Ocean Blue, 128 GB)","₹8,499",mobiles 5g,4.1,"44,433 Ratings & 2,094 Reviews"
"POCO M7 Pro 5G (Lavender Frost, 128 GB)","₹11,499",mobiles 5g,4.3,"25,224 Ratings & 1,936 Reviews"
"realme P3 Pro 5G (Nebula Glow, 256 GB)","₹16,999",mobiles 5g,4.4,"11,437 Ratings & 866 Reviews"
"MOTOROLA Edge 60 Pro (Pantone Shadow, 256 GB)","₹25,999",mobiles 5g,4.3,"31,115 Ratings & 2,359 Reviews"
"POCO M7 Pro 5G (Olive Twilight, 256 GB)","₹13,499",mobiles 5g,4.2,"9,687 Ratings & 873 Reviews"
"MOTOROLA G96 5G (Pantone Ashleigh Blue, 128 GB)","₹15,999",mobiles 5g,4.4,"44,240 Ratings & 2,193 Reviews"
"realme 15x 5G (Marine Blue, 128 GB)","₹16,999",mobiles 5g,4.3,476 Ratings & 33 Reviews
"Samsung Galaxy F06 5G (Lit Violet, 128 GB)","₹7,999",mobiles 5g,4.1,"29,113 Ratings & 1,758 Reviews"
"OPPO K13x 5G 6000mAh and 45W SUPERVOOC Charger & AI (Midnight Violet, 128 GB)","₹12,999",mobiles 5g,4.5,"53,992 Ratings & 4,705 Reviews"
"vivo T4R 5G (Twilight Blue, 256 GB)","₹21,499",mobiles 5g,4.5,"31,068 Ratings & 1,380 Reviews"
"realme P3 Pro 5G (Nebula Glow, 256 GB)","₹18,999",mobiles 5g,4.4,"2,621 Ratings & 207 Reviews"
"MOTOROLA Edge 60 Pro (Pantone Shadow, 256 GB)","₹29,999",mobiles 5g,4.3,"10,271 Ratings & 889 Reviews"
"MOTOROLA Edge 60 Pro (Pantone Shadow, 512 GB)","₹33,999",mobiles 5g,4.3,"1,277 Ratings & 98 Reviews"
"realme 15x 5G (Marine Blue, 256 GB)","₹19,999",mobiles 5g,4.4,303 Ratings & 16 Reviews
"realme P3 Pro 5G (Saturn Brown, 128 GB)","₹15,999",mobiles 5g,4.4,"11,437 Ratings & 866 Reviews"
"vivo T4R 5G (Arctic White, 128 GB)","₹19,499",mobiles 5g,4.5,"31,068 Ratings & 1,380 Reviews"
"realme P3x 5G (Lunar Silver, 128 GB)","₹11,249",mobiles 5g,4.4,"14,681 Ratings & 588 Reviews"
"MOTOROLA G96 5G (Pantone Greener Pastures, 256 GB)","₹17,999",mobiles 5g,4.4,"44,240 Ratings & 2,193 Reviews"
Unknown,0,mobiles 5g,Unknown,0
Unknown,0,mobiles 5g,4.4,0
Unknown,0,mobiles 5g,Unknown,0
Unknown,0,mobiles 5g,Unknown,0
Unknown,0,mobiles 5g,Unknown,0
"Motorola g45 5G (Pantone Dahlia Purple, 128 GB)","₹11,999",mobiles 5g,4.3,"2,33,615 Ratings & 11,670 Reviews"
"vivo T4x 5G (Marine Blue, 256 GB)","₹16,499",mobiles 5g,4.4,"1,18,524 Ratings & 5,772 Reviews"
"vivo T4 Pro 5G (Blaze Gold, 256 GB)","₹29,999",mobiles 5g,4.5,"6,186 Ratings & 396 Reviews"
"OPPO K13 Turbo 5G (Purple Phantom, 128 GB)","₹22,999",mobiles 5g,4.5,"3,754 Ratings & 197 Reviews"
"OnePlus Nord CE4 lite 5G (SUPER SILVER, 128 GB)","₹16,468",mobiles 5g,4.4,"32,471 Ratings & 1,515 Reviews"
"realme P3 Pro 5G (Galaxy Purple, 128 GB)","₹15,999",mobiles 5g,4.4,"11,437 Ratings & 866 Reviews"
"Ai+ Nova 5G (Blue, 128 GB)","₹7,999",mobiles 5g,4.1,"10,794 Ratings & 782 Reviews"
"POCO X7 5G (Yellow, 128 GB)","₹14,999",mobiles 5g,4.3,"20,649 Ratings & 1,636 Reviews"
"MOTOROLA Edge 60 Fusion 5G (PANTONE Slipstream, 256 GB)","₹21,999",mobiles 5g,4.5,"34,954 Ratings & 1,828 Reviews"
"realme Narzo 80 Lite 5G (Onyx Black, 128 GB)","₹9,787",mobiles 5g,4.3,145 Ratings & 11 Reviews
"MOTOROLA G86 Power 5G (Pantone Cosmic Sky, 128 GB)","₹15,999",mobiles 5g,4.3,"14,449 Ratings & 945 Reviews"
"realme 15 5G (Velvet Green, 128 GB)","₹25,999",mobiles 5g,4.4,"5,922 Ratings & 489 Reviews"
"POCO M7 Plus 5G (Chrome Silver, 128 GB)","₹11,999",mobiles 5g,4.3,"2,370 Ratings & 129 Reviews"
"MOTOROLA G96 5G (Pantone Dresden Blue, 128 GB)","₹15,999",mobiles 5g,4.4,"44,240 Ratings & 2,193 Reviews"
"MOTOROLA g35 5G (Leaf Green, 128 GB)","₹11,999",mobiles 5g,4.3,62 Ratings & 7 Reviews
"MOTOROLA G86 Power 5G (Pantone Spellbound, 128 GB)","₹15,999",mobiles 5g,4.3,"14,449 Ratings & 945 Reviews"
"realme P3 Lite 5G Charger in the Box (Purple Blossom, 128 GB)","₹10,499",mobiles 5g,4.4,"2,452 Ratings & 99 Reviews"
"REDMI Note 14 SE 5G (Titan Black, 128 GB)","₹12,999",mobiles 5g,4.3,"9,173 Ratings & 375 Reviews"
"Motorola g45 5G (Viva Magenta, 128 GB)","₹11,999",mobiles 5g,4.3,"2,33,615 Ratings & 11,670 Reviews"
"OPPO K13 Turbo 5G (Midnight Maverick, 256 GB)","₹24,999",mobiles 5g,4.5,"3,754 Ratings & 197 Reviews"
"realme P4 5G (Forge Red, 128 GB)","₹15,999",mobiles 5g,4.4,"9,835 Ratings & 661 Reviews"
"realme P3 Lite 5G Charger in the Box (Midnight Lily, 128 GB)","₹10,499",mobiles 5g,4.4,"2,452 Ratings & 99 Reviews"
"vivo T4R 5G (Arctic White, 256 GB)","₹21,499",mobiles 5g,4.5,"31,068 Ratings & 1,380 Reviews"
"REDMI Note 14 SE 5G (Mystique White, 128 GB)","₹12,999",mobiles 5g,4.3,"9,173 Ratings & 375 Reviews"
Unknown,0,mobiles 5g,Unknown,0
Unknown,0,mobiles 5g,4.4,0
Unknown,0,mobiles 5g,Unknown,0
Unknown,0,mobiles 5g,Unknown,0
Unknown,0,mobiles 5g,Unknown,0
"REDMI Note 14 SE 5G (Crimson Art, 128 GB)","₹12,999",mobiles 5g,4.3,"9,173 Ratings & 375 Reviews"
"Samsung Galaxy S24 FE 5G (Blue, 128 GB)","₹30,999",mobiles 5g,4.5,"52,334 Ratings & 3,312 Reviews"
"Samsung Galaxy F06 5G (Bahama Blue, 128 GB)","₹8,999",mobiles 5g,4.2,"13,714 Ratings & 862 Reviews"
"Apple iPhone 16 Pro Max (Desert Titanium, 256 GB)","₹1,29,900",mobiles 5g,4.7,"12,924 Ratings & 664 Reviews"
"vivo T4R 5G (Arctic White, 256 GB)","₹23,499",mobiles 5g,4.5,"2,683 Ratings & 141 Reviews"
"Infinix Note 50s 5G+ (Titanium Grey, 128 GB)","₹14,999",mobiles 5g,4.4,"5,099 Ratings & 341 Reviews"
"vivo T4R 5G (Twilight Blue, 256 GB)","₹21,499",mobiles 5g,4.5,"31,068 Ratings & 1,380 Reviews"
"vivo T4R 5G (Twilight Blue, 128 GB)","₹19,499",mobiles 5g,4.5,"31,068 Ratings & 1,380 Reviews"
"MOTOROLA G86 Power 5G (Pantone Spellbound, 128 GB)","₹15,999",mobiles 5g,4.3,"14,449 Ratings & 945 Reviews"
"realme P3 Pro 5G (Nebula Glow, 256 GB)","₹18,999",mobiles 5g,4.4,"2,621 Ratings & 207 Reviews"
"realme P3 Pro 5G (Galaxy Purple, 128 GB)","₹15,999",mobiles 5g,4.4,"11,437 Ratings & 866 Reviews"
"realme P3 Pro 5G (Saturn Brown, 128 GB)","₹15,999",mobiles 5g,4.4,"11,437 Ratings & 866 Reviews"
"realme P3 Pro 5G (Saturn Brown, 256 GB)","₹16,999",mobiles 5g,4.4,"11,437 Ratings & 866 Reviews"
"OPPO K13 Turbo 5G (White Knight, 256 GB)","₹24,999",mobiles 5g,4.5,"3,754 Ratings & 197 Reviews"
"OPPO K13 Turbo 5G (Purple Phantom, 128 GB)","₹22,999",mobiles 5g,4.5,"3,754 Ratings & 197 Reviews"
"OPPO K13 Turbo 5G (Purple Phantom, 256 GB)","₹24,999",mobiles 5g,4.5,"3,754 Ratings & 197 Reviews"
"vivo T4R 5G (Twilight Blue, 256 GB)","₹23,499",mobiles 5g,4.5,"2,683 Ratings & 141 Reviews"
"POCO M6 Plus 5G (Misty Lavender, 128 GB)","₹10,587",mobiles 5g,4.2,"13,809 Ratings & 827 Reviews"
"Samsung Galaxy F36 5G (Black, 128 GB)","₹13,999",mobiles 5g,4.3,"5,057 Ratings & 278 Reviews"
"Nothing Phone (3a) (Blue, 256 GB)","₹25,999",mobiles 5g,4.5,"44,261 Ratings & 3,267 Reviews"
"MOTOROLA G96 5G (Pantone Cattleya Orchid, 256 GB)","₹17,999",mobiles 5g,4.4,"44,240 Ratings & 2,193 Reviews"
"MOTOROLA G96 5G (Pantone Greener Pastures, 256 GB)","₹17,999",mobiles 5g,4.4,"44,240 Ratings & 2,193 Reviews"
"vivo T4x 5G (Glacial Teal, 128 GB)","₹13,499",mobiles 5g,4.4,"1,57,603 Ratings & 7,149 Reviews"
"POCO M7 5G (Satin Black, 128 GB)","₹9,499",mobiles 5g,4.2,"9,687 Ratings & 481 Reviews"
Unknown,0,mobiles 5g,Unknown,0
Unknown,0,mobiles 5g,4.4,0
Unknown,0,mobiles 5g,Unknown,0
Unknown,0,mobiles 5g,Unknown,0
Unknown,0,mobiles 5g,Unknown,0
"POCO M7 Pro 5G (Lavender Frost, 128 GB)","₹11,499",mobiles 5g,4.3,"25,224 Ratings & 1,936 Reviews"
"MOTOROLA Edge 60 Fusion 5G (PANTONE Zephyr, 256 GB)","₹21,999",mobiles 5g,4.5,"34,954 Ratings & 1,828 Reviews"
"Samsung Galaxy S24 5G Snapdragon (Cobalt Violet, 128 GB)","₹39,999",mobiles 5g,4.6,"37,852 Ratings & 2,030 Reviews"
"MOTOROLA Edge 60 Pro (Pantone Shadow, 256 GB)","₹25,999",mobiles 5g,4.3,"31,115 Ratings & 2,359 Reviews"
"Motorola G85 5G (Olive Green, 128 GB)","₹15,999",mobiles 5g,4.4,"2,44,879 Ratings & 12,201 Reviews"
"POCO C75 5G (Silver Stardust, 64 GB)","₹7,299",mobiles 5g,4.2,"1,18,366 Ratings & 5,394 Reviews"
"Infinix Note 50s 5G+ (Marine Drift, 128 GB)","₹14,999",mobiles 5g,4.4,"5,099 Ratings & 341 Reviews"
"Samsung Galaxy F06 5G (Bahama Blue, 128 GB)","₹7,999",mobiles 5g,4.1,"29,113 Ratings & 1,758 Reviews"
"REDMI A4 5G only on Jio SIM (Starry Black, 128 GB)","₹9,335",mobiles 5g,4.3,"9,763 Ratings & 430 Reviews"
"POCO X7 Pro 5G (Yellow, 256 GB)","₹22,999",mobiles 5g,4.4,"6,478 Ratings & 694 Reviews"
"Apple iPhone 17 (Black, 256 GB)","₹82,900",mobiles 5g,4.7,"1,202 Ratings & 98 Reviews"
"Nothing Phone (3a) (Black, 256 GB)","₹25,999",mobiles 5g,4.5,"44,261 Ratings & 3,267 Reviews"
"Samsung Galaxy A35 5G (Awesome Navy, 256 GB)","₹19,999",mobiles 5g,4.4,"46,492 Ratings & 2,729 Reviews"
"Google Pixel 9A (Porcelain, 256 GB)","₹44,999",mobiles 5g,4.4,"3,009 Ratings & 234 Reviews"
"Samsung Galaxy A35 5G (Awesome Lilac, 128 GB)","₹17,999",mobiles 5g,4.4,"46,492 Ratings & 2,729 Reviews"
"Samsung Galaxy S24 5G Snapdragon (Marble Gray, 256 GB)","₹44,999",mobiles 5g,4.6,"37,852 Ratings & 2,030 Reviews"
"Google Pixel 9A (Obsidian, 256 GB)","₹44,999",mobiles 5g,4.4,"3,009 Ratings & 234 Reviews"
"POCO F7 5G (Cyber Silver Edition, 256 GB)","₹30,999",mobiles 5g,4.4,"13,223 Ratings & 1,368 Reviews"
"Apple iPhone 17 (Lavender, 256 GB)","₹82,900",mobiles 5g,4.7,"1,202 Ratings & 98 Reviews"
"Apple iPhone 16 Pro Max (Black Titanium, 256 GB)","₹1,29,900",mobiles 5g,4.7,"12,924 Ratings & 664 Reviews"
"Tecno Pova 7 5G (Oasis Green, 256 GB)","₹15,999",mobiles 5g,4.4,"4,773 Ratings & 337 Reviews"
"Motorola G85 5G (Viva Magenta, 128 GB)","₹15,999",mobiles 5g,4.4,"2,44,879 Ratings & 12,201 Reviews"
"POCO M7 5G (Mint Green, 128 GB)","₹9,499",mobiles 5g,4.2,"9,687 Ratings & 481 Reviews"
"POCO M7 5G (Satin Black, 128 GB)","₹8,499",mobiles 5g,4.1,"44,433 Ratings & 2,094 Reviews"
Unknown,0,mobiles 5g,Unknown,0
Unknown,0,mobiles 5g,4.4,0
Unknown,0,mobiles 5g,Unknown,0
Unknown,0,mobiles 5g,Unknown,0
Unknown,0,mobiles 5g,Unknown,0
"realme P3 Pro 5G (Saturn Brown, 256 GB)","₹18,999",mobiles 5g,4.4,"2,621 Ratings & 207 Reviews"
"Samsung Galaxy F06 5G (Lit Violet, 128 GB)","₹7,999",mobiles 5g,4.1,"29,113 Ratings & 1,758 Reviews"
"realme P3 Pro 5G (Nebula Glow, 256 GB)","₹16,999",mobiles 5g,4.4,"11,437 Ratings & 866 Reviews"
"IQOO Z10X 5G (Titanium, 128 GB)","₹13,287",mobiles 5g,4.4,"5,599 Ratings & 301 Reviews"
"POCO M7 Pro 5G (Lunar Dust, 256 GB)","₹13,499",mobiles 5g,4.2,"9,687 Ratings & 873 Reviews"
"Apple iPhone 14 (Starlight, 128 GB)","₹52,900",mobiles 5g,4.6,"3,18,732 Ratings & 11,822 Reviews"
"MOTOROLA g35 5G (Midnight Black, 128 GB)","₹11,999",mobiles 5g,4.3,62 Ratings & 7 Reviews
"Tecno Pova 7 5G (Geek Black, 128 GB)","₹12,499",mobiles 5g,4.4,"4,773 Ratings & 337 Reviews"
"Ai+ Nova 5G (Green, 128 GB)","₹7,999",mobiles 5g,4.1,"10,794 Ratings & 782 Reviews"
"Tecno Pova 7 5G (Magic Silver, 128 GB)","₹12,499",mobiles 5g,4.4,"4,773 Ratings & 337 Reviews"
"realme P3 Lite 5G Charger in the Box (Lily White, 128 GB)","₹10,499",mobiles 5g,4.4,"2,452 Ratings & 99 Reviews"
"Ai+ Nova 5G (Purple, 128 GB)","₹7,999",mobiles 5g,4.1,"10,794 Ratings & 782 Reviews"
"MOTOROLA g35 5G (Leaf Green, 128 GB)","₹11,999",mobiles 5g,4.3,62 Ratings & 7 Reviews
"realme P3 Lite 5G Charger in the Box (Midnight Lily, 128 GB)","₹10,499",mobiles 5g,4.5,"3,614 Ratings & 130 Reviews"
"realme P3 Lite 5G Charger in the Box (Lily White, 128 GB)","₹10,499",mobiles 5g,4.5,"3,614 Ratings & 130 Reviews"
"Samsung Galaxy S24 5G Snapdragon (Marble Gray, 128 GB)","₹39,999",mobiles 5g,4.6,"37,852 Ratings & 2,030 Reviews"
"Ai+ Nova 5G (Pink, 128 GB)","₹7,999",mobiles 5g,4.1,"10,794 Ratings & 782 Reviews"
"MOTOROLA Edge 60 Pro (Pantone Sparkling Grape, 256 GB)","₹25,999",mobiles 5g,4.3,"31,115 Ratings & 2,359 Reviews"
"POCO F7 5G (Cyber Silver Edition, 512 GB)","₹32,999",mobiles 5g,4.4,"13,223 Ratings & 1,368 Reviews"
"MOTOROLA g35 5G (Guava Red, 128 GB)","₹8,999",mobiles 5g,4.2,"93,278 Ratings & 6,141 Reviews"
"realme P3 Ultra 5G (Glowing Lunar White, 256 GB)","₹23,999",mobiles 5g,4.5,"2,402 Ratings & 254 Reviews"
"Tecno Pova 7 5G (Oasis Green, 128 GB)","₹12,249",mobiles 5g,4.4,"4,773 Ratings & 337 Reviews"
"Tecno Pova 7 5G (Geek Black, 256 GB)","₹15,999",mobiles 5g,4.4,"4,773 Ratings & 337 Reviews"
"Alcatel V3 Classic 5G (Cosmic Grey, 128 GB)","₹8,999",mobiles 5g,4.4,"1,293 Ratings & 508 Reviews"
Unknown,0,mobiles 5g,Unknown,0
Unknown,0,mobiles 5g,4.4,0
Unknown,0,mobiles 5g,Unknown,0
Unknown,0,mobiles 5g,Unknown,0
Unknown,0,mobiles 5g,Unknown,0
"realme P3 Ultra 5G (Neptune Blue, 256 GB)","₹23,999",mobiles 5g,4.5,"2,402 Ratings & 254 Reviews"
"Samsung Galaxy S24 5G Snapdragon (Cobalt Violet, 256 GB)","₹44,999",mobiles 5g,4.6,"37,852 Ratings & 2,030 Reviews"
"realme P4 5G (Steel Grey, 128 GB)","₹15,999",mobiles 5g,4.4,"9,835 Ratings & 661 Reviews"
"realme P4 5G (Engine Blue, 128 GB)","₹15,999",mobiles 5g,4.4,"9,835 Ratings & 661 Reviews"
"Samsung Galaxy S24 Ultra 5G (Titanium Gray, 256 GB)","₹80,908",mobiles 5g,4.6,"6,473 Ratings & 502 Reviews"
"realme P4 5G (Forge Red, 128 GB)","₹16,999",mobiles 5g,4.4,"5,938 Ratings & 461 Reviews"
"realme P4 5G (Engine Blue, 128 GB)","₹16,999",mobiles 5g,4.4,"5,938 Ratings & 461 Reviews"
"realme P4 5G (Forge Red, 128 GB)","₹15,999",mobiles 5g,4.4,"9,835 Ratings & 661 Reviews"
"realme P4 5G (Steel Grey, 128 GB)","₹16,999",mobiles 5g,4.4,"5,938 Ratings & 461 Reviews"
"realme P4 5G (Steel Grey, 256 GB)","₹18,999",mobiles 5g,4.4,"5,938 Ratings & 461 Reviews"
"Samsung Galaxy A55 5G (Awesome Navy, 256 GB)","₹26,716",mobiles 5g,4.4,"3,979 Ratings & 252 Reviews"
"realme P3 Lite 5G Charger in the Box (Midnight Lily, 128 GB)","₹10,499",mobiles 5g,4.4,"2,452 Ratings & 99 Reviews"
"IQOO Z10X 5G (Titanium, 128 GB)","₹14,490",mobiles 5g,4.4,"3,039 Ratings & 151 Reviews"
"realme P3 Ultra 5G (Orion Red, 256 GB)","₹19,999",mobiles 5g,4.4,"11,251 Ratings & 1,158 Reviews"
"Apple iPhone 17 (Mist Blue, 256 GB)","₹82,900",mobiles 5g,4.7,"1,202 Ratings & 98 Reviews"
"IQOO Z10X 5G (Ultramarine, 256 GB)","₹16,690",mobiles 5g,4.4,"3,039 Ratings & 151 Reviews"
"POCO X7 Pro 5G (Nebula Green, 256 GB)","₹20,999",mobiles 5g,4.3,"12,454 Ratings & 1,423 Reviews"
"OnePlus Nord CE4 lite 5G (MEGA BLUE, 128 GB)","₹16,815",mobiles 5g,4.4,"32,471 Ratings & 1,515 Reviews"
"Ai+ Nova 5G (Blue, 128 GB)","₹7,999",mobiles 5g,4.1,"10,794 Ratings & 782 Reviews"
"OnePlus Nord CE4 lite 5G (SUPER SILVER, 128 GB)","₹16,468",mobiles 5g,4.4,"32,471 Ratings & 1,515 Reviews"
"POCO M7 Plus 5G (Chrome Silver, 128 GB)","₹11,999",mobiles 5g,4.3,"2,370 Ratings & 129 Reviews"
"Samsung Galaxy F36 5G (Black, 256 GB)","₹17,499",mobiles 5g,4.2,"2,608 Ratings & 183 Reviews"
"realme P3 Pro 5G (Nebula Glow, 128 GB)","₹15,999",mobiles 5g,4.4,"11,437 Ratings & 866 Reviews"
"IQOO Z10X 5G (Ultramarine, 128 GB)","₹14,459",mobiles 5g,4.4,"3,039 Ratings & 151 Reviews"
Unknown,0,mobiles 5g,Unknown,0
Unknown,0,mobiles 5g,4.4,0
Unknown,0,mobiles 5g,Unknown,0
Unknown,0,mobiles 5g,Unknown,0
Unknown,0,mobiles 5g,Unknown,0
"realme Narzo 80 Lite 5G (Onyx Black, 128 GB)","₹10,437",mobiles 5g,4.3,"1,776 Ratings & 63 Reviews"
"realme P3 Ultra 5G (Orion Red, 256 GB)","₹23,999",mobiles 5g,4.5,"2,402 Ratings & 254 Reviews"
"Samsung Galaxy A35 5G (Awesome Navy, 128 GB)","₹17,999",mobiles 5g,4.4,"46,492 Ratings & 2,729 Reviews"
"Samsung Galaxy A55 5G (Awesome Navy, 128 GB)","₹24,634",mobiles 5g,4.4,"3,979 Ratings & 252 Reviews"
"POCO X7 5G (Cosmic Silver, 128 GB)","₹14,999",mobiles 5g,4.3,"20,649 Ratings & 1,636 Reviews"
"POCO C75 5G (Enchanted Green, 64 GB)","₹7,299",mobiles 5g,4.2,"1,18,366 Ratings & 5,394 Reviews"
"OnePlus 13R 5G (Astral Trail, 512 GB)","₹44,990",mobiles 5g,4.5,"1,578 Ratings & 103 Reviews"
"realme P3 Ultra 5G (Glowing Lunar White, 256 GB)","₹19,999",mobiles 5g,4.4,"11,251 Ratings & 1,158 Reviews"
"Tecno Pova 7 5G (Magic Silver, 256 GB)","₹15,999",mobiles 5g,4.4,"4,773 Ratings & 337 Reviews"
"realme P3 Ultra 5G (Glowing Lunar White, 128 GB)","₹20,999",mobiles 5g,4.4,"11,251 Ratings & 1,158 Reviews"
"realme P3 Ultra 5G (Neptune Blue, 128 GB)","₹20,999",mobiles 5g,4.4,"11,251 Ratings & 1,158 Reviews"
"IQOO Z10X 5G (Titanium, 256 GB)","₹16,790",mobiles 5g,4.4,"3,039 Ratings & 151 Reviews"
"Samsung Galaxy A55 5G (Awesome Iceblue, 256 GB)","₹27,482",mobiles 5g,4.4,"3,979 Ratings & 252 Reviews"
"OnePlus 13R 5G (Nebula Noir, 256 GB)","₹38,151",mobiles 5g,4.5,"3,560 Ratings & 237 Reviews"
"Apple iPhone 17 (White, 256 GB)","₹82,900",mobiles 5g,4.7,"1,202 Ratings & 98 Reviews"
"POCO M7 Pro 5G (Lavender Frost, 256 GB)","₹13,499",mobiles 5g,4.2,"9,687 Ratings & 873 Reviews"
"OnePlus 13R 5G (Nebula Noir, 512 GB)","₹43,368",mobiles 5g,4.5,"1,578 Ratings & 103 Reviews"
"POCO X7 Pro 5G (Yellow, 256 GB)","₹20,999",mobiles 5g,4.3,"12,454 Ratings & 1,423 Reviews"
"POCO X7 5G (Cosmic Silver, 256 GB)","₹15,999",mobiles 5g,4.3,"20,649 Ratings & 1,636 Reviews"
"realme Narzo 80 Lite 5G (Crystal Purple, 128 GB)","₹10,395",mobiles 5g,4.3,145 Ratings & 11 Reviews
"Samsung Galaxy S24 Ultra 5G (Titanium Black, 256 GB)","₹79,970",mobiles 5g,4.6,"6,473 Ratings & 502 Reviews"
"MOTOROLA Edge 60 Pro (Pantone Walnut, 256 GB)","₹25,999",mobiles 5g,4.3,"31,115 Ratings & 2,359 Reviews"
"OnePlus Nord 5 (Phantom Grey, 256 GB)","₹31,865",mobiles 5g,4.5,652 Ratings & 43 Reviews
"realme P3 Pro 5G (Galaxy Purple, 256 GB)","₹16,999",mobiles 5g,4.4,"11,437 Ratings & 866 Reviews"
Unknown,0,mobiles 5g,Unknown,0
Unknown,0,mobiles 5g,4.4,0
Unknown,0,mobiles 5g,Unknown,0
Unknown,0,mobiles 5g,Unknown,0
Unknown,0,mobiles 5g,Unknown,0
"OnePlus Nord 5 (Phantom Grey, 256 GB)","₹31,865",mobiles 5g,4.5,652 Ratings & 43 Reviews
"realme P3 Pro 5G (Galaxy Purple, 256 GB)","₹16,999",mobiles 5g,4.4,"11,437 Ratings & 866 Reviews"
"Alcatel V3 Classic 5G (Halo White, 128 GB)","₹10,999",mobiles 5g,4.9,"1,204 Ratings & 880 Reviews"
"Samsung Galaxy S24 5G Snapdragon (Amber Yellow, 256 GB)","₹44,999",mobiles 5g,4.6,"37,852 Ratings & 2,030 Reviews"
"Samsung Galaxy F06 5G (Bahama Blue, 64 GB)","₹7,499",mobiles 5g,4.1,"29,113 Ratings & 1,758 Reviews"
"Samsung M36 5G (Velvet Black / Black, 128 GB)","₹14,143",mobiles 5g,4.2,593 Ratings & 36 Reviews
"IQOO Z10 Lite 5G (Titanium Blue, 128 GB)","₹10,990",mobiles 5g,4.2,"1,523 Ratings & 57 Reviews"
"realme P3 Lite 5G Charger in the Box (Purple Blossom, 128 GB)","₹10,499",mobiles 5g,4.4,"2,452 Ratings & 99 Reviews"
"IQOO Z10 Lite 5G (Cyber Green, 128 GB)","₹9,947",mobiles 5g,4.2,"1,007 Ratings & 39 Reviews"
"MOTOROLA Razr 60 (PANTONE Gibraltar Sea, 256 GB)","₹39,999",mobiles 5g,4.4,"1,356 Ratings & 103 Reviews"
"REDMI A4 (Sparkle Purple, 128 GB)","₹9,569",mobiles 5g,4.2,362 Ratings & 13 Reviews
"Samsung Galaxy S24 5G Snapdragon (Onyx Black, 128 GB)","₹39,999",mobiles 5g,4.6,"37,852 Ratings & 2,030 Reviews"
"REDMI A4 5G only on Jio SIM (Sparkle Purple, 64 GB)","₹8,252",mobiles 5g,4.3,"9,763 Ratings & 430 Reviews"
"IQOO Neo 10R 5G (Raging Blue, 256 GB)","₹26,569",mobiles 5g,4.5,"3,769 Ratings & 250 Reviews"
"IQOO Z10X 5G (Ultramarine, 128 GB)","₹13,190",mobiles 5g,4.4,"5,599 Ratings & 301 Reviews"
"realme Narzo 80 Lite 5G (Onyx Black, 128 GB)","₹9,787",mobiles 5g,4.3,145 Ratings & 11 Reviews
"POCO M7 Pro 5G (Olive Twilight, 128 GB)","₹11,499",mobiles 5g,4.3,"25,224 Ratings & 1,936 Reviews"
"Motorola g45 5G (Pantone Dahlia Purple, 128 GB)","₹11,999",mobiles 5g,4.3,"2,33,615 Ratings & 11,670 Reviews"
"realme P3 Ultra 5G (Neptune Blue, 256 GB)","₹19,999",mobiles 5g,4.4,"11,251 Ratings & 1,158 Reviews"
"IQOO Z10 Lite 5G (Cyber Green, 128 GB)","₹10,990",mobiles 5g,4.2,"1,523 Ratings & 57 Reviews"
"Samsung Galaxy F06 5G (Lit Violet, 64 GB)","₹7,499",mobiles 5g,4.1,"29,113 Ratings & 1,758 Reviews"
"POCO F6 5G (Titanium, 256 GB)","₹21,999",mobiles 5g,4.3,"8,400 Ratings & 791 Reviews"
"realme P3 Ultra 5G (Orion Red, 128 GB)","₹20,999",mobiles 5g,4.4,"11,251 Ratings & 1,158 Reviews"
"Samsung Galaxy S24 Ultra 5G (Titanium Black, 256 GB)","₹78,894",mobiles 5g,4.6,"6,473 Ratings & 502 Reviews"
Unknown,0,mobiles 5g,Unknown,0
Unknown,0,mobiles 5g,4.4,0
Unknown,0,mobiles 5g,Unknown,0
Unknown,0,mobiles 5g,Unknown,0
Unknown,0,mobiles 5g,Unknown,0
"realme P3 Ultra 5G (Orion Red, 128 GB)","₹20,999",mobiles 5g,4.4,"11,251 Ratings & 1,158 Reviews"
"POCO F6 5G (Titanium, 256 GB)","₹21,999",mobiles 5g,4.3,"8,400 Ratings & 791 Reviews"
"IQOO Neo 10R 5G (MoonKnight Titanium, 128 GB)","₹24,746",mobiles 5g,4.5,"3,769 Ratings & 250 Reviews"
"Apple iPhone 14 (Blue, 128 GB)","₹52,900",mobiles 5g,4.6,"3,18,732 Ratings & 11,822 Reviews"
"POCO M7 Pro 5G (Lunar Dust, 128 GB)","₹11,499",mobiles 5g,4.3,"25,224 Ratings & 1,936 Reviews"
"OPPO A3x 5G (Starlight White, 128 GB)","₹11,249",mobiles 5g,4.2,"4,082 Ratings & 169 Reviews"
"Motorola Edge 50 Fusion (Marshmallow Blue, 256 GB)","₹20,999",mobiles 5g,4.4,"1,68,249 Ratings & 11,287 Reviews"
"Apple iPhone 17 Pro (Cosmic Orange, 256 GB)","₹1,34,900",mobiles 5g,4.8,190 Ratings & 17 Reviews
"POCO F6 5G (Deadpool, 256 GB)","₹20,999",mobiles 5g,4.3,"8,400 Ratings & 791 Reviews"
"Google Pixel 9 (Porcelain, 256 GB)","₹54,999",mobiles 5g,4.6,"15,098 Ratings & 1,026 Reviews"
"Google Pixel 9 (Obsidian, 256 GB)","₹54,999",mobiles 5g,4.6,"15,098 Ratings & 1,026 Reviews"
"REDMI A4 5G only on Jio SIM (Starry Black, 64 GB)","₹8,150",mobiles 5g,4.3,"9,763 Ratings & 430 Reviews"
"OPPO A3x 5G (Starry Purple, 128 GB)","₹10,946",mobiles 5g,4.2,"4,082 Ratings & 169 Reviews"
"realme P4 Pro 5G (Midnight Ivy, 128 GB)","₹22,999",mobiles 5g,4.4,"9,401 Ratings & 798 Reviews"
"realme P4 Pro 5G (Birch Wood, 128 GB)","₹22,999",mobiles 5g,4.4,"9,401 Ratings & 798 Reviews"
"realme P4 Pro 5G (Dark Oak Wood, 256 GB)","₹24,999",mobiles 5g,4.4,"9,401 Ratings & 798 Reviews"
"realme P4 Pro 5G (Dark Oak Wood, 256 GB)","₹26,999",mobiles 5g,4.4,"1,739 Ratings & 157 Reviews"
"realme P4 Pro 5G (Birch Wood, 256 GB)","₹24,999",mobiles 5g,4.4,"9,401 Ratings & 798 Reviews"
"LAVA Storm Play 5G (Dune Titanium, 128 GB)","₹10,349",mobiles 5g,4.1,31 Ratings & 1 Reviews
"OPPO A3x 5G (Sparkle Black, 128 GB)","₹10,688",mobiles 5g,4.2,"4,082 Ratings & 169 Reviews"
"IQOO Z10 Lite 5G (Cyber Green, 256 GB)","₹13,095",mobiles 5g,4.2,900 Ratings & 33 Reviews
"OPPO A3x 5G (Starlight White, 64 GB)","₹9,899",mobiles 5g,4.2,"4,082 Ratings & 169 Reviews"
"realme 15x 5G (Marine Blue, 128 GB)","₹17,999",mobiles 5g,4.4,303 Ratings & 16 Reviews
"realme 15x 5G (Maroon Red, 128 GB)","₹17,999",mobiles 5g,4.4,303 Ratings & 16 Reviews
Unknown,0,mobiles 5g,Unknown,0
Unknown,0,mobiles 5g,4.4,0
Unknown,0,mobiles 5g,Unknown,0
Unknown,0,mobiles 5g,Unknown,0
Unknown,0,mobiles 5g,Unknown,0
"realme 15x 5G (Aqua Blue, 128 GB)","₹17,999",mobiles 5g,4.4,303 Ratings & 16 Reviews
"realme Narzo 80x 5G (Deep Ocean, 128 GB)","₹12,399",mobiles 5g,4.3,"1,482 Ratings & 56 Reviews"
"realme Narzo 80x 5G (Sunlit Gold, 128 GB)","₹12,390",mobiles 5g,4.3,"1,482 Ratings & 56 Reviews"
"Nothing Phone (3a) Pro (Black, 256 GB)","₹31,999",mobiles 5g,4.5,"5,622 Ratings & 352 Reviews"
"Nothing Phone (3a) Pro (Black, 256 GB)","₹29,999",mobiles 5g,4.5,"9,915 Ratings & 774 Reviews"
"Nothing Phone (3a) Pro (Grey, 256 GB)","₹29,999",mobiles 5g,4.5,"9,915 Ratings & 774 Reviews"
"POCO M7 Plus 5G (Carbon Black, 128 GB)","₹12,999",mobiles 5g,4.2,"1,325 Ratings & 72 Reviews"
"Nothing Phone (3a) Pro (Black, 128 GB)","₹27,999",mobiles 5g,4.5,"9,915 Ratings & 774 Reviews"
"Nothing Phone (3a) Pro (Grey, 128 GB)","₹27,999",mobiles 5g,4.5,"9,915 Ratings & 774 Reviews"
"realme 15x 5G (Aqua Blue, 128 GB)","₹16,999",mobiles 5g,4.3,476 Ratings & 33 Reviews
"realme 15x 5G (Maroon Red, 128 GB)","₹16,999",mobiles 5g,4.3,476 Ratings & 33 Reviews
"realme 15x 5G (Marine Blue, 128 GB)","₹16,999",mobiles 5g,4.3,476 Ratings & 33 Reviews
"MOTOROLA Edge 60 Pro (Pantone Shadow, 512 GB)","₹33,999",mobiles 5g,4.3,"1,277 Ratings & 98 Reviews"
"realme 15x 5G (Marine Blue, 256 GB)","₹19,999",mobiles 5g,4.4,303 Ratings & 16 Reviews
"IQOO Neo 10R 5G (Raging Blue, 256 GB)","₹28,599",mobiles 5g,4.5,"1,864 Ratings & 120 Reviews"
"OnePlus 13R 5g (Astral Trail, 256 GB)","₹37,833",mobiles 5g,4.5,"3,560 Ratings & 237 Reviews"
"Samsung Galaxy A55 5G (Awesome Iceblue, 128 GB)","₹25,299",mobiles 5g,4.4,"3,979 Ratings & 252 Reviews"
"realme Narzo 80x 5G (Deep Ocean, 128 GB)","₹11,634",mobiles 5g,4.2,"1,260 Ratings & 48 Reviews"
"OnePlus Nord 5�5G (Marble Sands, 256 GB)","₹32,990",mobiles 5g,4.5,413 Ratings & 38 Reviews
"REDMI 14C 5G (Starlight Blue, 128 GB)","₹9,407",mobiles 5g,4.2,"6,967 Ratings & 350 Reviews"
"Nothing Phone (3a) Pro (Grey, 256 GB)","₹31,999",mobiles 5g,4.5,"5,622 Ratings & 352 Reviews"
"REDMI A4 (Starry Black, 128 GB)","₹9,612",mobiles 5g,4.2,362 Ratings & 13 Reviews
"Samsung Galaxy F36 5G (Violet, 128 GB)","₹13,999",mobiles 5g,4.3,"5,057 Ratings & 278 Reviews"
"POCO M7 Pro 5G (Olive Twilight, 256 GB)","₹13,499",mobiles 5g,4.2,"9,687 Ratings & 873 Reviews"
Unknown,0,mobiles 5g,Unknown,0
Unknown,0,mobiles 5g,4.4,0
Unknown,0,mobiles 5g,Unknown,0
Unknown,0,mobiles 5g,Unknown,0
Unknown,0,mobiles 5g,Unknown,0
"MOTOROLA G96 5G (Pantone Dresden Blue, 256 GB)","₹17,999",mobiles 5g,4.4,"44,240 Ratings & 2,193 Reviews"
"Google Pixel 9A (Iris, 256 GB)","₹44,999",mobiles 5g,4.4,"3,009 Ratings & 234 Reviews"
"POCO X7 5G (Yellow, 128 GB)","₹14,999",mobiles 5g,4.3,"20,649 Ratings & 1,636 Reviews"
"POCO M7 Plus 5G (Carbon Black, 128 GB)","₹11,999",mobiles 5g,4.3,"2,370 Ratings & 129 Reviews"
"POCO C75 5G (Aqua Bliss, 128 GB)","₹8,099",mobiles 5g,4.2,"1,18,366 Ratings & 5,394 Reviews"
"REDMI 13 5G (Black Diamond, 128 GB)","₹12,499",mobiles 5g,4.3,"46,906 Ratings & 2,345 Reviews"
"IQOO Neo 10 (Inferno Red, 256 GB)","₹35,396",mobiles 5g,4.5,481 Ratings & 34 Reviews
"OPPO A3x 5G (Starry Purple, 64 GB)","₹9,900",mobiles 5g,4.2,"4,082 Ratings & 169 Reviews"
"POCO M7 5G (Ocean Blue, 128 GB)","₹9,499",mobiles 5g,4.2,"9,687 Ratings & 481 Reviews"
"Samsung Galaxy A16 5G (Gold, 128 GB)","₹14,161",mobiles 5g,4.2,"3,312 Ratings & 140 Reviews"
"realme P4 Pro 5G (Midnight Ivy, 256 GB)","₹24,999",mobiles 5g,4.4,"9,401 Ratings & 798 Reviews"
"IQOO Neo 10 (Inferno Red, 256 GB)","₹32,650",mobiles 5g,4.6,690 Ratings & 56 Reviews
"realme P4 Pro 5G (Birch Wood, 256 GB)","₹26,999",mobiles 5g,4.4,"1,739 Ratings & 157 Reviews"
"realme 15 Pro 5G (Flowing Silver, 128 GB)","₹31,999",mobiles 5g,4.3,"4,888 Ratings & 446 Reviews"
"Samsung Galaxy A16 5G (Light Green, 128 GB)","₹14,347",mobiles 5g,4.2,"3,312 Ratings & 140 Reviews"
"IQOO Z10 Lite 5G (Titanium Blue, 256 GB)","₹12,980",mobiles 5g,4.2,900 Ratings & 33 Reviews
"IQOO Neo 10 (Inferno Red, 512 GB)","₹41,395",mobiles 5g,4.6,80 Ratings & 4 Reviews
"POCO C75 5G (Enchanted Green, 128 GB)","₹8,099",mobiles 5g,4.2,"1,18,366 Ratings & 5,394 Reviews"
"POCO M6 Plus 5G (Graphite Black, 128 GB)","₹10,599",mobiles 5g,4.2,"13,809 Ratings & 827 Reviews"
"IQOO Z10R 5G (Aquamarine, 256 GB)","₹20,795",mobiles 5g,4.3,"1,346 Ratings & 72 Reviews"
"IQOO Z10R 5G (Moonstone, 256 GB)","₹20,890",mobiles 5g,4.3,"1,346 Ratings & 72 Reviews"
"Apple iPhone 17 Pro (Deep Blue, 256 GB)","₹1,34,900",mobiles 5g,4.8,190 Ratings & 17 Reviews
"Samsung Galaxy F36 5G (Red, 128 GB)","₹13,999",mobiles 5g,4.3,"5,057 Ratings & 278 Reviews"
"IQOO Neo 10R 5G (MoonKnight Titanium, 256 GB)","₹27,298",mobiles 5g,4.5,"1,864 Ratings & 120 Reviews"
Unknown,0,mobiles 5g,Unknown,0
Unknown,0,mobiles 5g,4.4,0
Unknown,0,mobiles 5g,Unknown,0
Unknown,0,mobiles 5g,Unknown,0
Unknown,0,mobiles 5g,Unknown,0
"POCO C75 5G (Silver Stardust, 128 GB)","₹8,099",mobiles 5g,4.2,"1,18,366 Ratings & 5,394 Reviews"
"vivo T4 Pro 5G (Nitro Blue, 128 GB)","₹27,999",mobiles 5g,4.5,"6,186 Ratings & 396 Reviews"
"IQOO Z10R 5G (Aquamarine, 128 GB)","₹18,496",mobiles 5g,4.3,"1,346 Ratings & 72 Reviews"
"Samsung M06 5G (Blazing Black, 128 GB)","₹8,987",mobiles 5g,4,538 Ratings & 41 Reviews
"IQOO Neo 10 (Titanium Chrome, 256 GB)","₹36,699",mobiles 5g,4.5,481 Ratings & 34 Reviews
"MOTOROLA Edge 60 Pro (Pantone Sparkling Grape, 256 GB)","₹29,999",mobiles 5g,4.3,"10,271 Ratings & 889 Reviews"
"IQOO Z10R 5G (Moonstone, 128 GB)","₹18,610",mobiles 5g,4.3,"1,346 Ratings & 72 Reviews"
"Motorola G85 5G (Cobalt Blue, 128 GB)","₹15,999",mobiles 5g,4.4,"2,44,879 Ratings & 12,201 Reviews"
"Apple iPhone 17 (Sage, 256 GB)","₹82,900",mobiles 5g,4.7,"1,202 Ratings & 98 Reviews"
"vivo T4 Pro 5G (Nitro Blue, 256 GB)","₹29,999",mobiles 5g,4.5,"6,186 Ratings & 396 Reviews"
"realme Narzo 80 Lite 5G (Crystal Purple, 128 GB)","₹10,438",mobiles 5g,4.3,"1,776 Ratings & 63 Reviews"
"REDMI 15 5G (Frosted White, 256 GB)","₹16,449",mobiles 5g,4.2,693 Ratings & 33 Reviews
"MOTOROLA Edge 60 Pro (Pantone Dazzling Blue, 256 GB)","₹25,999",mobiles 5g,4.3,"31,115 Ratings & 2,359 Reviews"
"vivo T4 Pro 5G (Blaze Gold, 256 GB)","₹29,999",mobiles 5g,4.5,"6,186 Ratings & 396 Reviews"
"REDMI 14C 5G (Stargaze Black, 128 GB)","₹9,669",mobiles 5g,4.2,"6,967 Ratings & 350 Reviews"
"IQOO Neo 10 (Titanium Chrome, 512 GB)","₹44,990",mobiles 5g,4.6,80 Ratings & 4 Reviews
"POCO F7 5G (Phantom Black, 512 GB)","₹32,999",mobiles 5g,4.4,"13,223 Ratings & 1,368 Reviews"
"OPPO A3x 5G (Sparkle Black, 64 GB)","₹9,884",mobiles 5g,4.2,"4,082 Ratings & 169 Reviews"
"Infinix Note 50x 5G+ 45W Charger In the Box & AI (Sea Breeze Green, 128 GB)","₹12,999",mobiles 5g,4.3,"4,042 Ratings & 350 Reviews"
"Infinix Note 50x 5G+ 45W Charger In the Box & AI (Enchanted Purple, 128 GB)","₹12,999",mobiles 5g,4.3,"4,042 Ratings & 350 Reviews"
"Infinix Note 50x 5G+ 45W Charger In the Box & AI (Sunset Spice Pink, 128 GB)","₹11,499",mobiles 5g,4.3,"13,616 Ratings & 1,274 Reviews"
"POCO X7 Pro 5G (Nebula Green, 256 GB)","₹22,999",mobiles 5g,4.4,"6,478 Ratings & 694 Reviews"
"vivo T4 Pro 5G (Blaze Gold, 128 GB)","₹27,999",mobiles 5g,4.5,"6,186 Ratings & 396 Reviews"
"Samsung Galaxy S25 5G (Icyblue, 256 GB)","₹74,999",mobiles 5g,4.6,"2,526 Ratings & 295 Reviews"
Unknown,0,mobiles 5g,Unknown,0
Unknown,0,mobiles 5g,4.4,0
Unknown,0,mobiles 5g,Unknown,0
Unknown,0,mobiles 5g,Unknown,0
Unknown,0,mobiles 5g,Unknown,0
"Samsung Galaxy F36 5G (Red, 256 GB)","₹17,499",mobiles 5g,4.2,"2,608 Ratings & 183 Reviews"
"Samsung M06 5G (Sage Green, 128 GB)","₹8,865",mobiles 5g,4,538 Ratings & 41 Reviews
"REDMI 15 5G (Sandy Purple, 128 GB)","₹14,790",mobiles 5g,4.2,693 Ratings & 33 Reviews
"IQOO Z10R 5G (Moonstone, 256 GB)","₹23,010",mobiles 5g,4.2,82 Ratings & 6 Reviews
"Motorola Edge 50 Fusion (Forest Blue, 256 GB)","₹20,999",mobiles 5g,4.4,"1,68,249 Ratings & 11,287 Reviews"
"REDMI 13 5G (Orchid Pink, 128 GB)","₹12,999",mobiles 5g,4.3,"46,906 Ratings & 2,345 Reviews"
"vivo T4 Pro 5G (Blaze Gold, 256 GB)","₹31,999",mobiles 5g,4.5,"1,451 Ratings & 111 Reviews"
"Motorola Edge 50 Fusion (Hot Pink, 256 GB)","₹20,999",mobiles 5g,4.4,"1,68,249 Ratings & 11,287 Reviews"
"REDMI Note 14 5G (Phantom Purple, 256 GB)","₹17,097",mobiles 5g,4.2,"2,196 Ratings & 115 Reviews"
"REDMI Note 14 5G (Mystique White, 256 GB)","₹17,294",mobiles 5g,4.2,"2,196 Ratings & 115 Reviews"
"vivo V60e (Noble Gold, 128 GB)","₹29,999",mobiles 5g,4.6,69 Ratings & 2 Reviews
"IQOO Z10 Lite 5G (Titanium Blue, 128 GB)","₹9,989",mobiles 5g,4.2,"1,007 Ratings & 39 Reviews"
"REDMI 15 5G (Frosted White, 128 GB)","₹14,848",mobiles 5g,4.2,693 Ratings & 33 Reviews
"REDMI 14C 5G (Stardust Purple, 128 GB)","₹10,204",mobiles 5g,4.2,"6,994 Ratings & 369 Reviews"
"realme 15 Pro 5G (Flowing Silver, 512 GB)","₹38,999",mobiles 5g,4.3,"2,715 Ratings & 230 Reviews"
"realme 15 Pro 5G (Flowing Silver, 256 GB)","₹35,999",mobiles 5g,4.3,"2,715 Ratings & 230 Reviews"
"realme 15 Pro 5G (Silk Purple, 256 GB)","₹33,999",mobiles 5g,4.3,"4,888 Ratings & 446 Reviews"
"realme 15 Pro 5G (Silk Purple, 256 GB)","₹35,999",mobiles 5g,4.3,"2,715 Ratings & 230 Reviews"
"realme 15 Pro 5G (Velvet Green, 256 GB)","₹33,999",mobiles 5g,4.3,"4,888 Ratings & 446 Reviews"
"realme 15 Pro 5G (Flowing Silver, 256 GB)","₹33,999",mobiles 5g,4.3,"4,888 Ratings & 446 Reviews"
"REDMI 14C 5G (Starlight Blue, 128 GB)","₹10,184",mobiles 5g,4.2,"6,994 Ratings & 369 Reviews"
"REDMI 15 5G (Sandy Purple, 128 GB)","₹14,248",mobiles 5g,4.2,360 Ratings & 21 Reviews
"POCO M7 Plus 5G (Chrome Silver, 128 GB)","₹12,999",mobiles 5g,4.2,"1,325 Ratings & 72 Reviews"
"REDMI 15 5G (Frosted White, 128 GB)","₹14,086",mobiles 5g,4.2,360 Ratings & 21 Reviews
Unknown,0,mobiles 5g,Unknown,0
Unknown,0,mobiles 5g,4.4,0
Unknown,0,mobiles 5g,Unknown,0
Unknown,0,mobiles 5g,Unknown,0
Unknown,0,mobiles 5g,Unknown,0
"REDMI 15 5G (Sandy Purple, 128 GB)","₹14,248",mobiles 5g,4.2,360 Ratings & 21 Reviews
"Infinix Note 50x 5G+ 45W Charger In the Box & AI (Sea Breeze Green, 128 GB)","₹11,499",mobiles 5g,4.3,"13,616 Ratings & 1,274 Reviews"
"vivo T4 Pro 5G (Nitro Blue, 256 GB)","₹31,999",mobiles 5g,4.5,"1,451 Ratings & 111 Reviews"
"realme Narzo 80x 5G (Sunlit Gold, 128 GB)","₹11,679",mobiles 5g,4.2,"1,260 Ratings & 48 Reviews"
"Google Pixel 9 Pro Fold (Obsidian, 256 GB)","₹99,999",mobiles 5g,4.5,226 Ratings & 20 Reviews
"vivo V60e (Noble Gold, 256 GB)","₹33,999",mobiles 5g,4.3,36 Ratings & 2 Reviews
"Infinix Note 50s 5G+ 45W Charger In the Box & AI (Burgundy Red, 128 GB)","₹15,999",mobiles 5g,4.4,"21,794 Ratings & 1,889 Reviews"
"Infinix Note 50s 5G+ 45W Charger In the Box & AI (Titanium Grey, 256 GB)","₹17,999",mobiles 5g,4.4,"21,794 Ratings & 1,889 Reviews"
"Infinix Note 50s 5G+ 45W Charger In the Box & AI (Burgundy Red, 256 GB)","₹17,999",mobiles 5g,4.4,"21,794 Ratings & 1,889 Reviews"
"Infinix Note 50s 5G+ 45W Charger In the Box & AI (Marine Drift, 128 GB)","₹15,999",mobiles 5g,4.4,"21,794 Ratings & 1,889 Reviews"
"REDMI 14C 5G (Starlight Blue, 64 GB)","₹8,990",mobiles 5g,4.2,"6,967 Ratings & 350 Reviews"
"OnePlus Nord CE5 5G (Nexus Blue, 128 GB)","₹24,978",mobiles 5g,4.5,"3,548 Ratings & 197 Reviews"
"OnePlus Nord CE5 5G (Black Infinity, 128 GB)","₹24,990",mobiles 5g,4.5,"3,548 Ratings & 197 Reviews"
"OnePlus Nord CE5 5G (Nexus Blue, 256 GB)","₹26,999",mobiles 5g,4.5,"3,548 Ratings & 197 Reviews"
"OnePlus Nord CE5 5G (Marble Mist, 128 GB)","₹24,995",mobiles 5g,4.5,"3,548 Ratings & 197 Reviews"
"Samsung Galaxy A06 5G (Black, 64 GB)","₹8,978",mobiles 5g,4.1,"1,635 Ratings & 104 Reviews"
"OnePlus Nord 5 5G (Dry Ice, 256 GB)","₹34,932",mobiles 5g,4.5,683 Ratings & 54 Reviews
"Infinix Note 50x 5G+ 45W Charger In the Box & AI (Enchanted Purple, 128 GB)","₹11,499",mobiles 5g,4.3,"13,616 Ratings & 1,274 Reviews"
"Infinix Note 50x 5G+ 45W Charger In the Box & AI (Titanium Grey, 128 GB)","₹11,499",mobiles 5g,4.3,"13,616 Ratings & 1,274 Reviews"
"IQOO Z10 Lite 5G (Titanium Blue, 128 GB)","₹9,989",mobiles 5g,4.2,"1,007 Ratings & 39 Reviews"
"Motorola Edge 50 Neo (PANTONE Poinciana, 256 GB)","₹19,999",mobiles 5g,4.4,"31,257 Ratings & 2,985 Reviews"
"OnePlus Nord CE4 (Dark Chrome, 128 GB)","₹19,248",mobiles 5g,4.4,"25,940 Ratings & 1,436 Reviews"
"Samsung Galaxy A06 5G (Light Green, 128 GB)","₹10,100",mobiles 5g,4.1,"1,635 Ratings & 104 Reviews"
"REDMI 13 5G (Orchid Pink, 128 GB)","₹12,359",mobiles 5g,4.2,"12,627 Ratings & 700 Reviews"
Unknown,0,mobiles 5g,Unknown,0
Unknown,0,mobiles 5g,4.4,0
Unknown,0,mobiles 5g,Unknown,0
Unknown,0,mobiles 5g,Unknown,0
Unknown,0,mobiles 5g,Unknown,0
"Motorola G85 5G (Urban Grey, 128 GB)","₹15,999",mobiles 5g,4.4,"2,44,879 Ratings & 12,201 Reviews"
"realme 15T 5G (Flowing Silver, 128 GB)","₹20,999",mobiles 5g,4.3,"2,479 Ratings & 193 Reviews"
"realme 15T 5G (Silk Blue, 128 GB)","₹20,999",mobiles 5g,4.3,"2,479 Ratings & 193 Reviews"
"MOTOROLA Edge 60 Stylus (PANTONE Surf the Web, 256 GB)","₹19,999",mobiles 5g,4.3,"11,105 Ratings & 845 Reviews"
"OnePlus Nord 5 5G (Dry Ice, 256 GB)","₹32,188",mobiles 5g,4.5,635 Ratings & 36 Reviews
"IQOO Neo 10 (Titanium Chrome, 128 GB)","₹31,777",mobiles 5g,4.6,690 Ratings & 56 Reviews
"Samsung Galaxy F16 5G (Vibing Blue, 128 GB)","₹13,999",mobiles 5g,4.2,"8,776 Ratings & 513 Reviews"
"Samsung Galaxy S24 Ultra 5G (Titanium Gray, 256 GB)","₹80,898",mobiles 5g,4.6,"6,473 Ratings & 502 Reviews"
"vivo V60e (Elite Purple, 128 GB)","₹29,999",mobiles 5g,4.6,69 Ratings & 2 Reviews
"realme 15 Pro 5G (Velvet Green, 128 GB)","₹31,999",mobiles 5g,4.3,"4,888 Ratings & 446 Reviews"
"realme 15 Pro 5G (Velvet Green, 256 GB)","₹35,999",mobiles 5g,4.3,"2,715 Ratings & 230 Reviews"
"OnePlus Nord 5 5G (Phantom Grey, 512 GB)","₹38,990",mobiles 5g,4.5,683 Ratings & 54 Reviews
"OPPO F27 Pro+ (Midnight Navy, 128 GB)","₹18,585",mobiles 5g,4.4,"14,683 Ratings & 622 Reviews"
"POCO X7 Pro 5G (Obsidian Black, 256 GB)","₹22,999",mobiles 5g,4.4,"6,478 Ratings & 694 Reviews"
"REDMI 15 5G (Midnight Black, 128 GB)","₹15,049",mobiles 5g,4.2,693 Ratings & 33 Reviews
"vivo V50e 5G (Sapphire Blue, 256 GB)","₹24,598",mobiles 5g,4.4,"2,304 Ratings & 140 Reviews"
"IQOO Neo 10 (Inferno Red, 128 GB)","₹31,393",mobiles 5g,4.6,690 Ratings & 56 Reviews
"POCO X7 5G (Yellow, 256 GB)","₹15,999",mobiles 5g,4.3,"20,649 Ratings & 1,636 Reviews"
"MOTOROLA Edge 60 Stylus (PANTONE Gibraltar Sea, 256 GB)","₹19,999",mobiles 5g,4.3,"11,105 Ratings & 845 Reviews"
"OnePlus 13s 5G (Green Silk, 256 GB)","₹50,999",mobiles 5g,4.5,779 Ratings & 62 Reviews
"realme 15 5G (Silk Pink, 256 GB)","₹27,999",mobiles 5g,4.4,"5,922 Ratings & 489 Reviews"
"REDMI Note 14 5G (Phantom Purple, 128 GB)","₹18,995",mobiles 5g,4.2,"2,196 Ratings & 115 Reviews"
"OnePlus 13s 5G (Black Velvet, 256 GB)","₹50,042",mobiles 5g,4.5,779 Ratings & 62 Reviews
"POCO X7 5G (Glacier Green, 128 GB)","₹14,999",mobiles 5g,4.3,"20,649 Ratings & 1,636 Reviews"
Unknown,0,mobiles 5g,Unknown,0
Unknown,0,mobiles 5g,4.4,0
Unknown,0,mobiles 5g,Unknown,0
Unknown,0,mobiles 5g,Unknown,0
Unknown,0,mobiles 5g,Unknown,0
"REDMI A4 (Sparkle Purple, 128 GB)","₹8,980",mobiles 5g,4.3,"9,763 Ratings & 430 Reviews"
"OnePlus Nord CE5 5G (Black Infinity, 256 GB)","₹26,949",mobiles 5g,4.5,"3,548 Ratings & 197 Reviews"
"Samsung Galaxy A06 5G (Light Gray, 64 GB)","₹8,880",mobiles 5g,4.1,"1,635 Ratings & 104 Reviews"
"vivo V50e 5G (Pearl White, 256 GB)","₹24,890",mobiles 5g,4.4,"2,304 Ratings & 140 Reviews"
"OnePlus 13s 5G (Black Velvet, 512 GB)","₹55,944",mobiles 5g,4.5,779 Ratings & 62 Reviews
"OnePlus 13s 5G (Green Silk, 512 GB)","₹55,869",mobiles 5g,4.5,779 Ratings & 62 Reviews
"POCO M6 Plus 5G (Ice Silver, 128 GB)","₹10,595",mobiles 5g,4.2,"13,809 Ratings & 827 Reviews"
"OnePlus Nord 5 5G (Dry Ice, 256 GB)","₹31,892",mobiles 5g,4.5,635 Ratings & 36 Reviews
"POCO M7 5G  - Locked with Airtel Prepaid (Satin Black, 128 GB)","₹7,849",mobiles 5g,4.1,"44,433 Ratings & 2,094 Reviews"
"POCO F7 5G (Frost White, 512 GB)","₹32,999",mobiles 5g,4.4,"13,223 Ratings & 1,368 Reviews"
"OnePlus Nord 5 5G (Phantom Grey, 256 GB)","₹34,955",mobiles 5g,4.5,683 Ratings & 54 Reviews
"REDMI 15 5G (Sandy Purple, 256 GB)","₹16,430",mobiles 5g,4.2,693 Ratings & 33 Reviews
"vivo V50e 5G (Sapphire Blue, 128 GB)","₹23,929",mobiles 5g,4.4,"2,304 Ratings & 140 Reviews"
"REDMI 13 5G (Black Diamond, 128 GB)","₹12,088",mobiles 5g,4.2,"12,627 Ratings & 700 Reviews"
"vivo V50e 5G (Pearl White, 128 GB)","₹23,932",mobiles 5g,4.4,"2,304 Ratings & 140 Reviews"
"vivo V60e (Noble Gold, 256 GB)","₹31,999",mobiles 5g,4.6,69 Ratings & 2 Reviews
"Motorola Edge 50 Fusion (Forest Green, 128 GB)","₹18,999",mobiles 5g,4.4,"1,36,956 Ratings & 8,725 Reviews"
"OnePlus Nord CE4 (Celadon Marble, 128 GB)","₹19,230",mobiles 5g,4.4,"25,940 Ratings & 1,436 Reviews"
"MOTOROLA Edge 60 Pro (Pantone Dazzling Blue, 512 GB)","₹33,999",mobiles 5g,4.3,"1,277 Ratings & 98 Reviews"
"OPPO F27 Pro+ (Dusk Pink, 128 GB)","₹22,999",mobiles 5g,4.4,"14,683 Ratings & 622 Reviews"
"Samsung M36 5G (Serene Green / Light Green, 128 GB)","₹16,153",mobiles 5g,4.2,97 Ratings & 4 Reviews
"IQOO Z10R 5G (Aquamarine, 256 GB)","₹22,972",mobiles 5g,4.2,82 Ratings & 6 Reviews
"realme 15T 5G (Suit Titanium, 256 GB)","₹22,999",mobiles 5g,4.3,"2,479 Ratings & 193 Reviews"
"realme 15T 5G (Suit Titanium, 128 GB)","₹20,999",mobiles 5g,4.3,"2,479 Ratings & 193 Reviews"
Unknown,0,mobiles 5g,Unknown,0
Unknown,0,mobiles 5g,4.4,0
Unknown,0,mobiles 5g,Unknown,0
Unknown,0,mobiles 5g,Unknown,0
Unknown,0,mobiles 5g,Unknown,0
"REDMI Note 14 5G (Titan Black, 256 GB)","₹17,399",mobiles 5g,4.2,"2,196 Ratings & 115 Reviews"
"REDMI Note 14 5G (Ivy Green, 128 GB)","₹16,774",mobiles 5g,4.2,"2,196 Ratings & 115 Reviews"
"IQOO Neo 10 (Titanium Chrome, 256 GB)","₹33,898",mobiles 5g,4.6,690 Ratings & 56 Reviews
"POCO X7 Pro 5G (Obsidian Black, 256 GB)","₹20,999",mobiles 5g,4.3,"12,454 Ratings & 1,423 Reviews"
"Samsung M36 5G (Orange Haze / Orange, 128 GB)","₹14,291",mobiles 5g,4.2,593 Ratings & 36 Reviews
"Samsung Galaxy S25 5G (Mint, 256 GB)","₹74,999",mobiles 5g,4.6,"2,526 Ratings & 295 Reviews"
"Motorola Edge 50 Pro 5G with 125W Charger (Luxe Lavender, 256 GB)","₹27,999",mobiles 5g,4.4,"67,762 Ratings & 4,443 Reviews"
"realme 14 Pro+ 5G (Suede Grey, 256 GB)","₹26,999",mobiles 5g,4.4,"7,304 Ratings & 831 Reviews"
"POCO M7 Plus 5G (Aqua Blue, 128 GB)","₹11,999",mobiles 5g,4.3,"2,370 Ratings & 129 Reviews"
"Samsung Galaxy S24 Ultra 5G (Titanium Violet, 256 GB)","₹80,976",mobiles 5g,4.6,"6,473 Ratings & 502 Reviews"
"realme 14 Pro+ 5G (Emerald Drift, 256 GB)","₹25,999",mobiles 5g,4.4,"14,056 Ratings & 1,759 Reviews"
"Samsung Galaxy M35 5G (Thunder Grey, 128 GB)","₹16,375",mobiles 5g,4.4,"27,848 Ratings & 2,130 Reviews"
"MOTOROLA Edge 60 5G (PANTONE Shamrock, 256 GB)","₹24,999",mobiles 5g,4.3,"4,648 Ratings & 329 Reviews"
"realme 15 5G (Velvet Green, 256 GB)","₹27,999",mobiles 5g,4.4,"5,922 Ratings & 489 Reviews"
"realme 15 5G (Flowing Silver, 256 GB)","₹27,999",mobiles 5g,4.4,"5,922 Ratings & 489 Reviews"
"realme 15 5G (Silk Pink, 128 GB)","₹25,999",mobiles 5g,4.4,"5,922 Ratings & 489 Reviews"
"realme 15 5G (Flowing Silver, 256 GB)","₹29,999",mobiles 5g,4.4,259 Ratings & 28 Reviews
"realme 15 5G (Velvet Green, 128 GB)","₹25,999",mobiles 5g,4.4,"5,922 Ratings & 489 Reviews"
"realme 15 5G (Flowing Silver, 128 GB)","₹25,999",mobiles 5g,4.4,"5,922 Ratings & 489 Reviews"
"Apple iPhone 17 Pro Max (Deep Blue, 256 GB)","₹1,49,900",mobiles 5g,4.7,130 Ratings & 11 Reviews
"REDMI 13 5G (Hawaiian Blue, 128 GB)","₹12,044",mobiles 5g,4.3,"46,906 Ratings & 2,345 Reviews"
"realme 14 Pro+ 5G (Bikaner Purple, 256 GB)","₹28,999",mobiles 5g,4.4,"14,056 Ratings & 1,759 Reviews"
"realme 14 Pro+ 5G (Pearl White, 512 GB)","₹29,999",mobiles 5g,4.4,"7,304 Ratings & 831 Reviews"
"realme 14 Pro+ 5G (Suede Grey, 512 GB)","₹29,999",mobiles 5g,4.4,"7,304 Ratings & 831 Reviews"
Unknown,0,mobiles 5g,Unknown,0
Unknown,0,mobiles 5g,4.4,0
Unknown,0,mobiles 5g,Unknown,0
Unknown,0,mobiles 5g,Unknown,0
Unknown,0,mobiles 5g,Unknown,0
"Infinix Note 50s 5G+ 45W Charger In the Box & AI (Marine Drift, 256 GB)","₹17,999",mobiles 5g,4.4,"21,794 Ratings & 1,889 Reviews"
"Samsung Galaxy A16 5G (Blue Black, 128 GB)","₹14,419",mobiles 5g,4.2,"3,312 Ratings & 140 Reviews"
"REDMI 13 5G (Hawaiian Blue, 128 GB)","₹12,044",mobiles 5g,4.3,"46,906 Ratings & 2,345 Reviews"
"Samsung Galaxy S25 5G (Silver Shadow, 256 GB)","₹74,999",mobiles 5g,4.6,"2,526 Ratings & 295 Reviews"
"Alcatel V3 Pro 5G (Matcha Green, 256 GB)","₹12,999",mobiles 5g,4.5,356 Ratings & 112 Reviews
"Alcatel V3 Pro 5G (Metallic Grey, 256 GB)","₹12,999",mobiles 5g,4.5,356 Ratings & 112 Reviews
"POCO M7 Plus 5G (Aqua Blue, 128 GB)","₹12,999",mobiles 5g,4.2,"1,325 Ratings & 72 Reviews"
"Samsung Galaxy A16 5G (Blue Black, 128 GB)","₹15,699",mobiles 5g,4.2,"3,585 Ratings & 198 Reviews"
"Google Pixel 10 (Obsidian, 256 GB)","₹79,999",mobiles 5g,4.4,549 Ratings & 52 Reviews
"realme 14 Pro+ 5G (Suede Grey, 128 GB)","₹29,999",mobiles 5g,4.4,"14,056 Ratings & 1,759 Reviews"
"Samsung Galaxy S25 5G (Navy, 256 GB)","₹74,999",mobiles 5g,4.6,"2,526 Ratings & 295 Reviews"
"Samsung M36 5G (Velvet Black / Black, 128 GB)","₹16,478",mobiles 5g,4.2,97 Ratings & 4 Reviews
"Samsung M36 5G (Light green/Serene Green, 256 GB)","₹19,954",mobiles 5g,4.2,97 Ratings & 4 Reviews
"Samsung Galaxy S25 Ultra 5G (Titanium Whitesilver, 256 GB)","₹1,04,985",mobiles 5g,4.6,"2,279 Ratings & 234 Reviews"
"REDMI 15 5G (Midnight Black, 256 GB)","₹16,699",mobiles 5g,4.2,693 Ratings & 33 Reviews
"Samsung Galaxy A36 5G (Awesome Lavender, 256 GB)","₹34,499",mobiles 5g,4.4,207 Ratings & 12 Reviews
"Tecno Spark Go 5G (Ink Black, 128 GB)","₹9,999",mobiles 5g,4.3,821 Ratings & 71 Reviews
"Tecno Spark Go 5G (Sky Blue, 128 GB)","₹9,999",mobiles 5g,4.3,821 Ratings & 71 Reviews
"OPPO F31 5G (Midnight Blue, 256 GB)","₹24,999",mobiles 5g,4.3,266 Ratings & 20 Reviews
"OPPO F31 5G (Cloud Green, 128 GB)","₹22,999",mobiles 5g,4.3,266 Ratings & 20 Reviews
"OPPO F31 5G (Bloom Red, 128 GB)","₹22,999",mobiles 5g,4.3,266 Ratings & 20 Reviews
"OPPO F31 5G (Cloud Green, 256 GB)","₹24,999",mobiles 5g,4.3,266 Ratings & 20 Reviews
"OPPO F31 5G (Bloom Red, 256 GB)","₹24,999",mobiles 5g,4.3,266 Ratings & 20 Reviews
"OPPO F31 5G (Midnight Blue, 128 GB)","₹22,999",mobiles 5g,4.3,266 Ratings & 20 Reviews
Unknown,0,mobiles 5g,Unknown,0
Unknown,0,mobiles 5g,4.4,0
Unknown,0,mobiles 5g,Unknown,0
Unknown,0,mobiles 5g,Unknown,0
Unknown,0,mobiles 5g,Unknown,0
"REDMI 13 5G (Hawaiian Blue, 128 GB)","₹12,882",mobiles 5g,4.2,"12,627 Ratings & 700 Reviews"
"realme 14 Pro+ 5G (Pearl White, 256 GB)","₹26,999",mobiles 5g,4.4,"7,304 Ratings & 831 Reviews"
"Apple iPhone 14 (Blue, 256 GB)","₹62,900",mobiles 5g,4.6,"3,18,732 Ratings & 11,822 Reviews"
"POCO F7 5G (Frost White, 256 GB)","₹30,999",mobiles 5g,4.4,"13,223 Ratings & 1,368 Reviews"
"realme 14 Pro+ 5G (Pearl White, 128 GB)","₹29,999",mobiles 5g,4.4,"14,056 Ratings & 1,759 Reviews"
"MOTOROLA Razr 60 (PANTONE Spring Bud, 256 GB)","₹39,999",mobiles 5g,4.4,"1,356 Ratings & 103 Reviews"
"Apple iPhone 13 (Starlight, 128 GB)","₹49,900",mobiles 5g,4.6,"2,94,619 Ratings & 14,001 Reviews"
"realme 14x 5G (Jewel Red, 128 GB)","₹14,999",mobiles 5g,4.3,"12,957 Ratings & 654 Reviews"
"realme 14x 5G (Golden Glow, 128 GB)","₹15,999",mobiles 5g,4.4,"7,683 Ratings & 395 Reviews"
"realme 14x 5G (Jewel Red, 128 GB)","₹15,999",mobiles 5g,4.4,"7,683 Ratings & 395 Reviews"
"realme 14x 5G (Crystal Black, 128 GB)","₹14,999",mobiles 5g,4.3,"12,957 Ratings & 654 Reviews"
"REDMI 14C 5G (Stardust Purple, 128 GB)","₹10,999",mobiles 5g,4.2,"6,994 Ratings & 369 Reviews"
"REDMI 14C 5G (Starlight Blue, 128 GB)","₹10,999",mobiles 5g,4.2,"6,994 Ratings & 369 Reviews"
"REDMI 14C 5G (Stardust Purple, 64 GB)","₹8,999",mobiles 5g,4.2,"6,967 Ratings & 350 Reviews"
"Infinix Note 50x 5G+ 45W Charger In the Box & AI (Titanium Grey, 128 GB)","₹12,999",mobiles 5g,4.3,"4,042 Ratings & 350 Reviews"
"Samsung Galaxy A16 5G (Gold, 128 GB)","₹15,499",mobiles 5g,4.2,"3,585 Ratings & 198 Reviews"
"MOTOROLA Edge 60 Pro (Pantone Dazzling Blue, 256 GB)","₹29,999",mobiles 5g,4.3,"10,271 Ratings & 889 Reviews"
"OPPO F27 Pro+ (Midnight Navy, 256 GB)","₹21,500",mobiles 5g,4.4,"14,683 Ratings & 622 Reviews"
"realme 14 Pro+ 5G (Suede Grey, 256 GB)","₹28,999",mobiles 5g,4.4,"14,056 Ratings & 1,759 Reviews"
"Ai+ Nova 5G (Sparkle Red, 128 GB)","₹7,999",mobiles 5g,4.1,"10,794 Ratings & 782 Reviews"
"MOTOROLA Edge 60 Pro (Pantone Shadow, 256 GB)","₹29,999",mobiles 5g,4.3,"10,271 Ratings & 889 Reviews"
"Apple iPhone 14 (Midnight, 128 GB)","₹52,900",mobiles 5g,4.6,"3,18,732 Ratings & 11,822 Reviews"
"Tecno Pop 9 5G (Aurora Cloud, 64 GB)","₹8,699",mobiles 5g,4.1,127 Ratings & 7 Reviews
"MOTOROLA Edge 60 Pro (Pantone Walnut, 256 GB)","₹29,999",mobiles 5g,4.3,"10,271 Ratings & 889 Reviews"
Unknown,0,mobiles 5g,Unknown,0
Unknown,0,mobiles 5g,4.4,0
Unknown,0,mobiles 5g,Unknown,0
Unknown,0,mobiles 5g,Unknown,0
Unknown,0,mobiles 5g,Unknown,0
"REDMI 13 5G (Hawaiian Blue, 128 GB)","₹12,882",mobiles 5g,4.2,"12,627 Ratings & 700 Reviews"
"realme 14 Pro+ 5G (Pearl White, 256 GB)","₹26,999",mobiles 5g,4.4,"7,304 Ratings & 831 Reviews"
"Apple iPhone 14 (Blue, 256 GB)","₹62,900",mobiles 5g,4.6,"3,18,732 Ratings & 11,822 Reviews"
"POCO F7 5G (Frost White, 256 GB)","₹30,999",mobiles 5g,4.4,"13,223 Ratings & 1,368 Reviews"
"realme 14 Pro+ 5G (Pearl White, 128 GB)","₹29,999",mobiles 5g,4.4,"14,056 Ratings & 1,759 Reviews"
"MOTOROLA Razr 60 (PANTONE Spring Bud, 256 GB)","₹39,999",mobiles 5g,4.4,"1,356 Ratings & 103 Reviews"
"Apple iPhone 13 (Starlight, 128 GB)","₹49,900",mobiles 5g,4.6,"2,94,619 Ratings & 14,001 Reviews"
"realme 14x 5G (Jewel Red, 128 GB)","₹14,999",mobiles 5g,4.3,"12,957 Ratings & 654 Reviews"
"realme 14x 5G (Golden Glow, 128 GB)","₹15,999",mobiles 5g,4.4,"7,683 Ratings & 395 Reviews"
"realme 14x 5G (Jewel Red, 128 GB)","₹15,999",mobiles 5g,4.4,"7,683 Ratings & 395 Reviews"
"realme 14x 5G (Crystal Black, 128 GB)","₹14,999",mobiles 5g,4.3,"12,957 Ratings & 654 Reviews"
"REDMI 14C 5G (Stardust Purple, 128 GB)","₹10,999",mobiles 5g,4.2,"6,994 Ratings & 369 Reviews"
"REDMI 14C 5G (Starlight Blue, 128 GB)","₹10,999",mobiles 5g,4.2,"6,994 Ratings & 369 Reviews"
"REDMI 14C 5G (Stardust Purple, 64 GB)","₹8,999",mobiles 5g,4.2,"6,967 Ratings & 350 Reviews"
"Infinix Note 50x 5G+ 45W Charger In the Box & AI (Titanium Grey, 128 GB)","₹12,999",mobiles 5g,4.3,"4,042 Ratings & 350 Reviews"
"Samsung Galaxy A16 5G (Gold, 128 GB)","₹15,499",mobiles 5g,4.2,"3,585 Ratings & 198 Reviews"
"MOTOROLA Edge 60 Pro (Pantone Dazzling Blue, 256 GB)","₹29,999",mobiles 5g,4.3,"10,271 Ratings & 889 Reviews"
"OPPO F27 Pro+ (Midnight Navy, 256 GB)","₹21,500",mobiles 5g,4.4,"14,683 Ratings & 622 Reviews"
"realme 14 Pro+ 5G (Suede Grey, 256 GB)","₹28,999",mobiles 5g,4.4,"14,056 Ratings & 1,759 Reviews"
"Ai+ Nova 5G (Sparkle Red, 128 GB)","₹7,999",mobiles 5g,4.1,"10,794 Ratings & 782 Reviews"
"MOTOROLA Edge 60 Pro (Pantone Shadow, 256 GB)","₹29,999",mobiles 5g,4.3,"10,271 Ratings & 889 Reviews"
"Apple iPhone 14 (Midnight, 128 GB)","₹52,900",mobiles 5g,4.6,"3,18,732 Ratings & 11,822 Reviews"
"Tecno Pop 9 5G (Aurora Cloud, 64 GB)","₹8,699",mobiles 5g,4.1,127 Ratings & 7 Reviews
"MOTOROLA Edge 60 Pro (Pantone Walnut, 256 GB)","₹29,999",mobiles 5g,4.3,"10,271 Ratings & 889 Reviews"
Unknown,0,mobiles 5g,Unknown,0
Unknown,0,mobiles 5g,4.4,0
Unknown,0,mobiles 5g,Unknown,0
